{
  "reversible_fouling_rate_bar_per_day": 0.019640842957137503,
  "reversible_r_squared": 0.6971880654160404,
  "irreversible_fouling_rate_bar_per_day": 0.024027736439885324,
  "irreversible_r_squared": 0.8366600046351022,
  "total_cycles": 211,
  "valid_cycles": 210,
  "outliers_removed": 1,
  "post_cleaning_cycles": 4
}