{
  "global_tmp_slope_per_hour": -1.183841362603395e-05,
  "global_tmp_slope_per_day": -0.00028412192702481474,
  "tmp_slope_r_squared": 0.005987523878670631,
  "fouling_classification": "low",
  "analysis_timestamp": "2026-02-13T21:47:35.992945",
  "permeability_baseline": 8.439006360259983,
  "permeability_decline_from_baseline": 5.555231744671181
}