{
  "global_tmp_slope_per_hour": 0.00054634116329625,
  "global_tmp_slope_per_day": 0.013112187919109999,
  "tmp_slope_r_squared": 0.04380137666908368,
  "fouling_classification": "low",
  "analysis_timestamp": "2026-02-08T15:43:22.352314",
  "permeability_baseline": 8.436727437325906,
  "permeability_decline_from_baseline": 1.2768865431078924
}