{
  "global_tmp_slope_per_hour": 2.5669964501762495e-05,
  "global_tmp_slope_per_day": 0.0006160791480422999,
  "tmp_slope_r_squared": 0.041850175336615725,
  "fouling_classification": "low",
  "analysis_timestamp": "2026-02-13T20:23:03.856026",
  "permeability_baseline": 8.439006360259983,
  "permeability_decline_from_baseline": 5.555231744671181
}