{
  "global_tmp_slope_per_hour": 0.000625514479494998,
  "global_tmp_slope_per_day": 0.015012347507879954,
  "tmp_slope_r_squared": 0.05298873268350579,
  "fouling_classification": "low",
  "analysis_timestamp": "2026-02-08T12:28:21.488988",
  "permeability_baseline": 8.436727437325906,
  "permeability_decline_from_baseline": 0.7600984837105506
}