{
  "reversible_fouling_rate_bar_per_day": 0.0006162568882125257,
  "reversible_r_squared": 0.7558338895152102,
  "irreversible_fouling_rate_bar_per_day": -0.00035774281991763864,
  "irreversible_r_squared": 0.015235201731921055,
  "total_cycles": 1083,
  "valid_cycles": 854,
  "outliers_removed": 229,
  "post_cleaning_cycles": 34
}