{
  "global_tmp_slope_per_hour": 0.0003221882304797105,
  "global_tmp_slope_per_day": 0.007732517531513052,
  "tmp_slope_r_squared": 0.025928581005932205,
  "fouling_classification": "low",
  "analysis_timestamp": "2026-02-13T11:57:12.841582",
  "permeability_baseline": 8.436727437325906,
  "permeability_decline_from_baseline": 5.529720389708066
}