{
  "reversible_fouling_rate_bar_per_day": 0.00594292954353313,
  "reversible_r_squared": 0.2638951755206139,
  "irreversible_fouling_rate_bar_per_day": 0.0032409423043199795,
  "irreversible_r_squared": 0.07226959001340738,
  "total_cycles": 359,
  "valid_cycles": 359,
  "outliers_removed": 0,
  "post_cleaning_cycles": 7
}