{
  "global_tmp_slope_per_hour": 0.0007998374399233407,
  "global_tmp_slope_per_day": 0.019196098558160176,
  "tmp_slope_r_squared": 0.06917780598782852,
  "fouling_classification": "low",
  "analysis_timestamp": "2026-02-07T22:45:19.291265",
  "permeability_baseline": 8.436727437325906,
  "permeability_decline_from_baseline": 1.815009889361101
}