{
  "global_tmp_slope_per_hour": 0.0006255144794950569,
  "global_tmp_slope_per_day": 0.015012347507881364,
  "tmp_slope_r_squared": 0.05298873268350579,
  "fouling_classification": "low",
  "analysis_timestamp": "2026-02-08T10:30:08.909270",
  "permeability_baseline": 8.436727437325906,
  "permeability_decline_from_baseline": 0.7600984837105506
}