{
  "global_tmp_slope_per_hour": -6.071474566362083e-06,
  "global_tmp_slope_per_day": -0.00014571538959269,
  "tmp_slope_r_squared": 0.0030212617617301207,
  "fouling_classification": "low",
  "analysis_timestamp": "2026-02-13T21:13:42.548812",
  "permeability_baseline": 8.439006360259983,
  "permeability_decline_from_baseline": 5.555231744671181
}